<?xml version="1.0" encoding="UTF-8"?>
<model version="1.2.0">
  <mesh path="mesh.ply">
    <faceCount>120759</faceCount>
    <vertexCount>83836</vertexCount>
    <hasVertexColors>false</hasVertexColors>
    <hasVertexConfidence>false</hasVertexConfidence>
    <hasUV>true</hasUV>
  </mesh>
  <texture path="texture.jpg"/>
  <params>
    <dataType>uint8</dataType>
    <bands>
      <band label="Red"/>
      <band label="Green"/>
      <band label="Blue"/>
    </bands>
    <color>#ff8080b0</color>
  </params>
</model>
